"region_id","year","scientific_name"
1,2013,"Anapagurus chiroacanthus"
1,2013,"Anapagurus laevis"
1,2013,"Ansates pellucida"
1,2013,"Ascidia conchilega"
1,2013,"Bicellariella ciliata"
1,2013,"Botrylloides leachii"
1,2013,"Bougainvillia muscus"
1,2013,"Cadlina laevis"
1,2013,"Callopora craticula"
1,2013,"Calycella syringa"
1,2013,"Capulus ungaricus"
1,2013,"Celleporella hyalina"
1,2013,"Cladophora flexuosa"
1,2013,"Clytia gracilis"
1,2013,"Colus jeffreysianus"
1,2013,"Dicoryne conferta"
1,2013,"Diplosolen obelia"
1,2013,"Disporella hispida"
1,2013,"Ebalia tumefacta"
1,2013,"Ericthonius punctatus"
1,2013,"Escharella immersa"
1,2013,"Eupolymnia nesidensis"
1,2013,"Filellum serpens"
1,2013,"Flustrellidra hispida"
1,2013,"Gammaropsis nitida"
1,2013,"Halecium halecium"
1,2013,"Henricia perforata"
1,2013,"Hyas coarctatus"
1,2013,"Hydrallmania falcata"
1,2013,"Idmidronea atlantica"
1,2013,"Lafoea dumosa"
1,2013,"Leptasterias danica"
1,2013,"Leuckartiara octona"
1,2013,"Lichenopora verrucaria"
1,2013,"Molgula citrina"
1,2013,"Nephtys kersivalensis"
1,2013,"Novocrania anomala"
1,2013,"Obelia geniculata"
1,2013,"Obelia longissima"
1,2013,"Ocnus lacteus"
1,2013,"Pagurus pubescens"
1,2013,"Palliolum furtivum"
1,2013,"Palmiskenea skenei"
1,2013,"Panningia hyndmanni"
1,2013,"Petta pusilla"
1,2013,"Plagioecia patina"
1,2013,"Polycarpa fibrosa"
1,2013,"Polycera quadrilineata"
1,2013,"Pontophilus spinosus"
1,2013,"Reteporella beaniana"
1,2013,"Scalpellum scalpellum"
1,2013,"Scrupocellaria scabra"
1,2013,"Smittoidea reticulata"
1,2013,"Spatangus purpureus"
1,2013,"Sycon ciliatum"
1,2013,"Thracia villosiuscula"
1,2013,"Thyonidium hyalinum"
1,2013,"Triticella flava"
1,2013,"Triticella pedicellata"
1,2013,"Tubularia indivisa"
1,2013,"Velutina velutina"
1,2013,"Xantho pilipes"
1,2013,"Amphictene auricoma"
1,2013,"Apistobranchus tullbergi"
1,2013,"Arrhis phyllonyx"
1,2013,"Brada inhabilis"
1,2013,"Byblis gaimardii"
1,2013,"Calocaris macandreae"
1,2013,"Cossura longocirrata"
1,2013,"Crangon allmanni"
1,2013,"Echinozone coronata"
1,2013,"Euspira pulchella"
1,2013,"Gyptis rosea"
1,2013,"Halicreion aequicornis"
1,2013,"Haploops tenuis"
1,2013,"Haploops tubicola"
1,2013,"Harmothoe antilopes"
1,2013,"Iphimedia obesa"
1,2013,"Lanassa venusta"
1,2013,"Laonice cirrata"
1,2013,"Leptostylis longimana"
1,2013,"Lipobranchus jeffreysii"
1,2013,"Lumbrineris scopa"
1,2013,"Macropipus tuberculatus"
1,2013,"Malmgreniella lunulata"
1,2013,"Megamphopus cornutus"
1,2013,"Monoculodes carinatus"
1,2013,"Nassarius pygmaeus"
1,2013,"Nassarius reticulatus"
1,2013,"Neohela monstrosa"
1,2013,"Neptunea antiqua"
1,2013,"Palaemon serratus"
1,2013,"Pandalus montagui"
1,2013,"Pholoe minuta"
1,2013,"Phylo norvegicus"
1,2013,"Pycnogonum litorale"
1,2013,"Tellina fabula"
1,2013,"Urticina felina"
1,2013,"Acrochaete repens"
1,2013,"Acrochaete viridis"
1,2013,"Acrochaetium hallandicum"
1,2013,"Acrochaetium secundatum"
1,2013,"Aglaothamnion bipinnatum"
1,2013,"Aglaothamnion hookeri"
1,2013,"Antithamnion cruciatum"
1,2013,"Antithamnionella floccosa"
1,2013,"Apoglossum ruscifolium"
1,2013,"Blastophysa rhizopus"
1,2013,"Bonnemaisonia hamifera"
1,2013,"Brongniartella byssoides"
1,2013,"Bryopsis plumosa"
1,2013,"Callithamnion tetragonum"
1,2013,"Callophyllis cristata"
1,2013,"Ceramium diaphanum"
1,2013,"Chroodactylon ornatum"
1,2013,"Cladophora glomerata"
1,2013,"Cladophora pygmaea"
1,2013,"Cladophora sericea"
1,2013,"Codium fragile"
1,2013,"Colaconema daviesii"
1,2013,"Colaconema nemalionis"
1,2013,"Colaconema strictum"
1,2013,"Compsothamnion gracillimum"
1,2013,"Cruoriopsis danica"
1,2013,"Cutleria multifida"
1,2013,"Delamarea attenuata"
1,2013,"Derbesia marina"
1,2013,"Epicladia flustrae"
1,2013,"Epicladia phillipsii"
1,2013,"Erythrocladia irregularis"
1,2013,"Erythrodermis traillii"
1,2013,"Erythrotrichia carnea"
1,2013,"Erythrotrichia reflexa"
1,2013,"Eugomontia sacculata"
1,2013,"Fucus spiralis"
1,2013,"Gomontia polyrhiza"
1,2013,"Gymnogongrus"
1,2013,"Haemescharia hennedyi"
1,2013,"Halarachnion ligulatum"
1,2013,"Halosiphon tomentosus"
1,2013,"Haplospora globosa"
1,2013,"Herponema desmarestiae"
1,2013,"Heterosiphonia plumosa"
1,2013,"Hildenbrandia crouanii"
1,2013,"Hincksia ovata"
1,2013,"Hincksia sandriana"
1,2013,"Laminaria hyperborea"
1,2013,"Laminariocolax tomentosoides"
1,2013,"Leptonematella fasciculata"
1,2013,"Lithothamnion glaciale"
1,2013,"Lithothamnion sonderi"
1,2013,"Litosiphon laminariae"
1,2013,"Lomentaria orcadensis"
1,2013,"Meiodiscus spetsbergensis"
1,2013,"Melobesia membranacea"
1,2013,"Monostroma grevillei"
1,2013,"Myriocladia lovenii"
1,2013,"Ochlochaete hystrix"
1,2013,"Ostreobium quekettii"
1,2013,"Petalonia fascia"
1,2013,"Peyssonnelia dubyi"
1,2013,"Phyllophora crispa"
1,2013,"Phymatolithon laevigatum"
1,2013,"Phymatolithon lenormandii"
1,2013,"Plagiospora gracilis"
1,2013,"Porphyropsis coccinea"
1,2013,"Pringsheimiella scutata"
1,2013,"Protectocarpus speciosus"
1,2013,"Pseudendoclonium dynamenae"
1,2013,"Pseudolithoderma extensum"
1,2013,"Pseudolithoderma subextensum"
1,2013,"Punctaria plantaginea"
1,2013,"Ralfsia verrucosa"
1,2013,"Rhodophyllis divaricata"
1,2013,"Rhodophysema elegans"
1,2013,"Sahlingia subintegra"
1,2013,"Scagelia pylaisaei"
1,2013,"Scytosiphon lomentaria"
1,2013,"Spermothamnion repens"
1,2013,"Sphacelaria caespitula"
1,2013,"Sphacelaria plumigera"
1,2013,"Sphacelaria plumosa"
1,2013,"Sphacelaria radicans"
1,2013,"Sphacelaria rigidula"
1,2013,"Stictyosiphon tortilis"
1,2013,"Stragularia clavata"
1,2013,"Striaria attenuata"
1,2013,"Stylonema alsidii"
1,2013,"Ulothrix flacca"
1,2013,"Ulva lactuca"
1,2013,"Uronema curvatum"
1,2013,"Vaucheria"
1,2013,"Amauropsis islandica"
1,2013,"Balanus balanus"
1,2013,"Bathyporeia gracilis"
1,2013,"Chone infundibuliformis"
1,2013,"Corymorpha nutans"
1,2013,"Crisia eburnea"
1,2013,"Dasybranchus caducus"
1,2013,"Discocelides langi"
1,2013,"Ensis ensis"
1,2013,"Eulalia viridis"
1,2013,"Eunoe nodosa"
1,2013,"Euzonus flabelligerus"
1,2013,"Glycera lapidum"
1,2013,"Glycera rouxi"
1,2013,"Halcampa duodecimcirrata"
1,2013,"Harpinia serrata"
1,2013,"Idotea chelipes"
1,2013,"Inachus dorsettensis"
1,2013,"Leucothoe incisa"
1,2013,"Liocarcinus depurator"
1,2013,"Microphthalmus aberrans"
1,2013,"Microphthalmus sczelkowii"
1,2013,"Nucula nucleus"
1,2013,"Ophiura robusta"
1,2013,"Pelonaia corrugata"
1,2013,"Pholoe assimilis"
1,2013,"Pontocrates altamarinus"
1,2013,"Psammodrilus balanoglossoides"
1,2013,"Rissoa sarsii"
1,2013,"Sigalion mathildae"
1,2013,"Spisula solida"
1,2013,"Stomphia coccinea"
1,2013,"Streblosoma intestinale"
1,2013,"Streptosyllis websteri"
1,2013,"Synchelidium maculatum"
1,2013,"Tellina tenuis"
1,2013,"Trichobranchus glacialis"
1,2013,"Typhlomangelia nivalis"
1,2013,"Aeolidia papillosa"
1,2013,"Ascidia mentula"
1,2013,"Ascidiella scabra"
1,2013,"Astarte elliptica"
1,2013,"Botryllus schlosseri"
1,2013,"Corella parallelogramma"
1,2013,"Cryptosula pallasiana"
1,2013,"Cuspidaria cuspidata"
1,2013,"Diastylis tumida"
1,2013,"Dipolydora quadrilobata"
1,2013,"Dynamena pumila"
1,2013,"Echinus esculentus"
1,2013,"Gammarellus angulosus"
1,2013,"Leptostylis ampullacea"
1,2013,"Melanella polita"
1,2013,"Membranipora membranacea"
1,2013,"Metridium senile"
1,2013,"Mysis mixta"
1,2013,"Nassarius incrassatus"
1,2013,"Neoleanira tetragona"
1,2013,"Phoronis pallida"
1,2013,"Pododesmus patelliformis"
1,2013,"Polydora limicola"
1,2013,"Sabella pavonina"
1,2013,"Suberites ficus"
1,2013,"Coccotylus truncatus"
1,2013,"Ectocarpus siliculosus"
1,2013,"Gracilaria vermiculophylla"
1,2013,"Phyllophora pseudoceranoides"
1,2013,"Polysiphonia fucoides"
1,2013,"Pylaiella littoralis"
1,2013,"Ulva intestinalis"
1,2013,"Amphipholis squamata"
1,2013,"Boreotrophon truncatus"
1,2013,"Clelandella miliaris"
1,2013,"Hippasteria phrygiana"
1,2013,"Hippolyte varians"
1,2013,"Pontoporeia femorata"
1,2013,"Solaster endeca"
2,2013,"Anapagurus chiroacanthus"
2,2013,"Anapagurus laevis"
2,2013,"Ansates pellucida"
2,2013,"Ascidia conchilega"
2,2013,"Bicellariella ciliata"
2,2013,"Botrylloides leachii"
2,2013,"Bougainvillia muscus"
2,2013,"Cadlina laevis"
2,2013,"Callopora craticula"
2,2013,"Calycella syringa"
2,2013,"Capulus ungaricus"
2,2013,"Celleporella hyalina"
2,2013,"Cladophora flexuosa"
2,2013,"Clytia gracilis"
2,2013,"Colus jeffreysianus"
2,2013,"Dicoryne conferta"
2,2013,"Diplosolen obelia"
2,2013,"Disporella hispida"
2,2013,"Ebalia tumefacta"
2,2013,"Ericthonius punctatus"
2,2013,"Escharella immersa"
2,2013,"Eupolymnia nesidensis"
2,2013,"Filellum serpens"
2,2013,"Flustrellidra hispida"
2,2013,"Gammaropsis nitida"
2,2013,"Halecium halecium"
2,2013,"Henricia perforata"
2,2013,"Hyas coarctatus"
2,2013,"Hydrallmania falcata"
2,2013,"Idmidronea atlantica"
2,2013,"Lafoea dumosa"
2,2013,"Leptasterias danica"
2,2013,"Leuckartiara octona"
2,2013,"Lichenopora verrucaria"
2,2013,"Molgula citrina"
2,2013,"Nephtys kersivalensis"
2,2013,"Novocrania anomala"
2,2013,"Obelia geniculata"
2,2013,"Obelia longissima"
2,2013,"Ocnus lacteus"
2,2013,"Pagurus pubescens"
2,2013,"Palliolum furtivum"
2,2013,"Palmiskenea skenei"
2,2013,"Panningia hyndmanni"
2,2013,"Petta pusilla"
2,2013,"Plagioecia patina"
2,2013,"Polycarpa fibrosa"
2,2013,"Polycera quadrilineata"
2,2013,"Pontophilus spinosus"
2,2013,"Reteporella beaniana"
2,2013,"Scalpellum scalpellum"
2,2013,"Scrupocellaria scabra"
2,2013,"Smittoidea reticulata"
2,2013,"Spatangus purpureus"
2,2013,"Sycon ciliatum"
2,2013,"Thracia villosiuscula"
2,2013,"Thyonidium hyalinum"
2,2013,"Triticella flava"
2,2013,"Triticella pedicellata"
2,2013,"Tubularia indivisa"
2,2013,"Velutina velutina"
2,2013,"Xantho pilipes"
2,2013,"Amphictene auricoma"
2,2013,"Apistobranchus tullbergi"
2,2013,"Arrhis phyllonyx"
2,2013,"Brada inhabilis"
2,2013,"Byblis gaimardii"
2,2013,"Calocaris macandreae"
2,2013,"Cossura longocirrata"
2,2013,"Crangon allmanni"
2,2013,"Echinozone coronata"
2,2013,"Euspira pulchella"
2,2013,"Gyptis rosea"
2,2013,"Halicreion aequicornis"
2,2013,"Haploops tenuis"
2,2013,"Haploops tubicola"
2,2013,"Harmothoe antilopes"
2,2013,"Iphimedia obesa"
2,2013,"Lanassa venusta"
2,2013,"Laonice cirrata"
2,2013,"Leptostylis longimana"
2,2013,"Lipobranchus jeffreysii"
2,2013,"Lumbrineris scopa"
2,2013,"Macropipus tuberculatus"
2,2013,"Malmgreniella lunulata"
2,2013,"Megamphopus cornutus"
2,2013,"Monoculodes carinatus"
2,2013,"Nassarius pygmaeus"
2,2013,"Nassarius reticulatus"
2,2013,"Neohela monstrosa"
2,2013,"Neptunea antiqua"
2,2013,"Palaemon serratus"
2,2013,"Pandalus montagui"
2,2013,"Pholoe minuta"
2,2013,"Phylo norvegicus"
2,2013,"Pycnogonum litorale"
2,2013,"Tellina fabula"
2,2013,"Urticina felina"
2,2013,"Acrochaete repens"
2,2013,"Acrochaete viridis"
2,2013,"Acrochaetium hallandicum"
2,2013,"Acrochaetium secundatum"
2,2013,"Aglaothamnion bipinnatum"
2,2013,"Aglaothamnion hookeri"
2,2013,"Antithamnion cruciatum"
2,2013,"Antithamnionella floccosa"
2,2013,"Apoglossum ruscifolium"
2,2013,"Blastophysa rhizopus"
2,2013,"Bonnemaisonia hamifera"
2,2013,"Brongniartella byssoides"
2,2013,"Bryopsis plumosa"
2,2013,"Callithamnion tetragonum"
2,2013,"Callophyllis cristata"
2,2013,"Ceramium diaphanum"
2,2013,"Chroodactylon ornatum"
2,2013,"Cladophora glomerata"
2,2013,"Cladophora pygmaea"
2,2013,"Cladophora sericea"
2,2013,"Codium fragile"
2,2013,"Colaconema daviesii"
2,2013,"Colaconema nemalionis"
2,2013,"Colaconema strictum"
2,2013,"Compsothamnion gracillimum"
2,2013,"Cruoriopsis danica"
2,2013,"Cutleria multifida"
2,2013,"Delamarea attenuata"
2,2013,"Derbesia marina"
2,2013,"Epicladia flustrae"
2,2013,"Epicladia phillipsii"
2,2013,"Erythrocladia irregularis"
2,2013,"Erythrodermis traillii"
2,2013,"Erythrotrichia carnea"
2,2013,"Erythrotrichia reflexa"
2,2013,"Eugomontia sacculata"
2,2013,"Fucus spiralis"
2,2013,"Gomontia polyrhiza"
2,2013,"Gymnogongrus"
2,2013,"Haemescharia hennedyi"
2,2013,"Halarachnion ligulatum"
2,2013,"Halosiphon tomentosus"
2,2013,"Haplospora globosa"
2,2013,"Herponema desmarestiae"
2,2013,"Heterosiphonia plumosa"
2,2013,"Hildenbrandia crouanii"
2,2013,"Hincksia ovata"
2,2013,"Hincksia sandriana"
2,2013,"Laminaria hyperborea"
2,2013,"Laminariocolax tomentosoides"
2,2013,"Leptonematella fasciculata"
2,2013,"Lithothamnion glaciale"
2,2013,"Lithothamnion sonderi"
2,2013,"Litosiphon laminariae"
2,2013,"Lomentaria orcadensis"
2,2013,"Meiodiscus spetsbergensis"
2,2013,"Melobesia membranacea"
2,2013,"Monostroma grevillei"
2,2013,"Myriocladia lovenii"
2,2013,"Ochlochaete hystrix"
2,2013,"Ostreobium quekettii"
2,2013,"Petalonia fascia"
2,2013,"Peyssonnelia dubyi"
2,2013,"Phyllophora crispa"
2,2013,"Phymatolithon laevigatum"
2,2013,"Phymatolithon lenormandii"
2,2013,"Plagiospora gracilis"
2,2013,"Porphyropsis coccinea"
2,2013,"Pringsheimiella scutata"
2,2013,"Protectocarpus speciosus"
2,2013,"Pseudendoclonium dynamenae"
2,2013,"Pseudolithoderma extensum"
2,2013,"Pseudolithoderma subextensum"
2,2013,"Punctaria plantaginea"
2,2013,"Ralfsia verrucosa"
2,2013,"Rhodophyllis divaricata"
2,2013,"Rhodophysema elegans"
2,2013,"Sahlingia subintegra"
2,2013,"Scagelia pylaisaei"
2,2013,"Scytosiphon lomentaria"
2,2013,"Spermothamnion repens"
2,2013,"Sphacelaria caespitula"
2,2013,"Sphacelaria plumigera"
2,2013,"Sphacelaria plumosa"
2,2013,"Sphacelaria radicans"
2,2013,"Sphacelaria rigidula"
2,2013,"Stictyosiphon tortilis"
2,2013,"Stragularia clavata"
2,2013,"Striaria attenuata"
2,2013,"Stylonema alsidii"
2,2013,"Ulothrix flacca"
2,2013,"Ulva lactuca"
2,2013,"Uronema curvatum"
2,2013,"Vaucheria"
2,2013,"Amauropsis islandica"
2,2013,"Balanus balanus"
2,2013,"Bathyporeia gracilis"
2,2013,"Chone infundibuliformis"
2,2013,"Corymorpha nutans"
2,2013,"Crisia eburnea"
2,2013,"Dasybranchus caducus"
2,2013,"Discocelides langi"
2,2013,"Ensis ensis"
2,2013,"Eulalia viridis"
2,2013,"Eunoe nodosa"
2,2013,"Euzonus flabelligerus"
2,2013,"Glycera lapidum"
2,2013,"Glycera rouxi"
2,2013,"Halcampa duodecimcirrata"
2,2013,"Harpinia serrata"
2,2013,"Idotea chelipes"
2,2013,"Inachus dorsettensis"
2,2013,"Leucothoe incisa"
2,2013,"Liocarcinus depurator"
2,2013,"Microphthalmus aberrans"
2,2013,"Microphthalmus sczelkowii"
2,2013,"Nucula nucleus"
2,2013,"Ophiura robusta"
2,2013,"Pelonaia corrugata"
2,2013,"Pholoe assimilis"
2,2013,"Pontocrates altamarinus"
2,2013,"Psammodrilus balanoglossoides"
2,2013,"Rissoa sarsii"
2,2013,"Sigalion mathildae"
2,2013,"Spisula solida"
2,2013,"Stomphia coccinea"
2,2013,"Streblosoma intestinale"
2,2013,"Streptosyllis websteri"
2,2013,"Synchelidium maculatum"
2,2013,"Tellina tenuis"
2,2013,"Trichobranchus glacialis"
2,2013,"Typhlomangelia nivalis"
2,2013,"Aeolidia papillosa"
2,2013,"Ascidia mentula"
2,2013,"Ascidiella scabra"
2,2013,"Astarte elliptica"
2,2013,"Botryllus schlosseri"
2,2013,"Corella parallelogramma"
2,2013,"Cryptosula pallasiana"
2,2013,"Cuspidaria cuspidata"
2,2013,"Diastylis tumida"
2,2013,"Dipolydora quadrilobata"
2,2013,"Dynamena pumila"
2,2013,"Echinus esculentus"
2,2013,"Gammarellus angulosus"
2,2013,"Leptostylis ampullacea"
2,2013,"Melanella polita"
2,2013,"Membranipora membranacea"
2,2013,"Metridium senile"
2,2013,"Mysis mixta"
2,2013,"Nassarius incrassatus"
2,2013,"Neoleanira tetragona"
2,2013,"Phoronis pallida"
2,2013,"Pododesmus patelliformis"
2,2013,"Polydora limicola"
2,2013,"Sabella pavonina"
2,2013,"Suberites ficus"
2,2013,"Coccotylus truncatus"
2,2013,"Ectocarpus siliculosus"
2,2013,"Gracilaria vermiculophylla"
2,2013,"Phyllophora pseudoceranoides"
2,2013,"Polysiphonia fucoides"
2,2013,"Pylaiella littoralis"
2,2013,"Ulva intestinalis"
2,2013,"Amphipholis squamata"
2,2013,"Boreotrophon truncatus"
2,2013,"Clelandella miliaris"
2,2013,"Hippasteria phrygiana"
2,2013,"Hippolyte varians"
2,2013,"Pontoporeia femorata"
2,2013,"Solaster endeca"
3,2013,"Cladophora flexuosa"
3,2013,"Eupolymnia nesidensis"
3,2013,"Sphaerodoropsis disticha"
3,2013,"Zostera marina"
3,2013,"Cancer pagurus"
3,2013,"Nephrops norvegicus"
3,2013,"Neptunea antiqua"
3,2013,"Zostera noltii"
3,2013,"Acrochaete repens"
3,2013,"Acrochaete viridis"
3,2013,"Acrochaetium hallandicum"
3,2013,"Acrochaetium secundatum"
3,2013,"Aglaothamnion hookeri"
3,2013,"Ahnfeltia plicata"
3,2013,"Antithamnion cruciatum"
3,2013,"Asperococcus fistulosus"
3,2013,"Blastophysa rhizopus"
3,2013,"Blidingia minima"
3,2013,"Bolbocoleon piliferum"
3,2013,"Bonnemaisonia hamifera"
3,2013,"Brongniartella byssoides"
3,2013,"Bryopsis hypnoides"
3,2013,"Bryopsis plumosa"
3,2013,"Callithamnion corymbosum"
3,2013,"Callophyllis cristata"
3,2013,"Ceramium diaphanum"
3,2013,"Ceramium siliquosum"
3,2013,"Chaetomorpha melagonium"
3,2013,"Chara aspera"
3,2013,"Chara baltica"
3,2013,"Chara canescens"
3,2013,"Chondrus crispus"
3,2013,"Chordaria flagelliformis"
3,2013,"Cladophora glomerata"
3,2013,"Cladophora pygmaea"
3,2013,"Cladophora rupestris"
3,2013,"Cladophora sericea"
3,2013,"Colaconema daviesii"
3,2013,"Colaconema nemalionis"
3,2013,"Colaconema strictum"
3,2013,"Corallina officinalis"
3,2013,"Cruoria pellita"
3,2013,"Dasya baillouviana"
3,2013,"Derbesia marina"
3,2013,"Dictyosiphon chordaria"
3,2013,"Dilsea carnosa"
3,2013,"Epicladia flustrae"
3,2013,"Epicladia phillipsii"
3,2013,"Erythrotrichia carnea"
3,2013,"Eugomontia sacculata"
3,2013,"Fucus spiralis"
3,2013,"Gracilaria vermiculophylla"
3,2013,"Haemescharia hennedyi"
3,2013,"Halidrys siliquosa"
3,2013,"Halosiphon tomentosus"
3,2013,"Hildenbrandia crouanii"
3,2013,"Laminaria digitata"
3,2013,"Lamprothamnium papulosum"
3,2013,"Leptonematella fasciculata"
3,2013,"Lithothamnion glaciale"
3,2013,"Litosiphon laminariae"
3,2013,"Meiodiscus spetsbergensis"
3,2013,"Membranoptera alata"
3,2013,"Mesogloia vermiculata"
3,2013,"Monostroma grevillei"
3,2013,"Nemalion elminthoides"
3,2013,"Odonthalia dentata"
3,2013,"Ostreobium quekettii"
3,2013,"Palmaria palmata"
3,2013,"Petalonia fascia"
3,2013,"Petalonia zosterifolia"
3,2013,"Plagiospora gracilis"
3,2013,"Polysiphonia nigra"
3,2013,"Polysiphonia stricta"
3,2013,"Porphyra purpurea"
3,2013,"Porphyra umbilicalis"
3,2013,"Porphyropsis coccinea"
3,2013,"Pseudolithoderma extensum"
3,2013,"Pseudolithoderma subextensum"
3,2013,"Pterothamnion plumula"
3,2013,"Ralfsia verrucosa"
3,2013,"Rhodophysema elegans"
3,2013,"Scytosiphon lomentaria"
3,2013,"Spermatochnus paradoxus"
3,2013,"Spermothamnion repens"
3,2013,"Sphacelaria caespitula"
3,2013,"Sphacelaria cirrosa"
3,2013,"Sphacelaria plumigera"
3,2013,"Sphacelaria plumosa"
3,2013,"Sphacelaria radicans"
3,2013,"Sphacelaria rigidula"
3,2013,"Sphaerotrichia divaricata"
3,2013,"Spongomorpha aeruginosa"
3,2013,"Spongonema tomentosum"
3,2013,"Stictyosiphon soriferus"
3,2013,"Stictyosiphon tortilis"
3,2013,"Striaria attenuata"
3,2013,"Tolypella nidifica"
3,2013,"Ulva lactuca"
3,2013,"Uronema curvatum"
3,2013,"Urospora penicilliformis"
3,2013,"Alkmaria romijni"
3,2013,"Astarte montagui"
3,2013,"Clava multicornis"
3,2013,"Corophium multisetosum"
3,2013,"Crisilla semistriata"
3,2013,"Ericthonius difformis"
3,2013,"Euchone papillosa"
3,2013,"Eudorella emarginata"
3,2013,"Eulalia bilineata"
3,2013,"Fabricia stellaris"
3,2013,"Gammarus oceanicus"
3,2013,"Gattyana cirrhosa"
3,2013,"Glycera rouxi"
3,2013,"Haploops tubicola"
3,2013,"Harpinia serrata"
3,2013,"Hyperia galba"
3,2013,"Kefersteinia cirrata"
3,2013,"Laonome kroeyeri"
3,2013,"Limapontia capitata"
3,2013,"Limapontia depressa"
3,2013,"Lumbrineris fragilis"
3,2013,"Microdeutopus anomalus"
3,2013,"Neomysis integer"
3,2013,"Owenia fusiformis"
3,2013,"Paranais litoralis"
3,2013,"Petricolaria pholadiformis"
3,2013,"Pholoe minuta"
3,2013,"Photis reinhardi"
3,2013,"Phoxocephalus holbolli"
3,2013,"Prionospio cirrifera"
3,2013,"Prionospio malmgreni"
3,2013,"Rissoa sarsii"
3,2013,"Styela coriacea"
3,2013,"Syllidia armata"
3,2013,"Tellina fabula"
3,2013,"Fucus vesiculosus"
3,2013,"Myriophyllum spicatum"
3,2013,"Chironomidae"
4,2013,"Cladophora flexuosa"
4,2013,"Eupolymnia nesidensis"
4,2013,"Sphaerodoropsis disticha"
4,2013,"Zostera marina"
4,2013,"Cancer pagurus"
4,2013,"Nephrops norvegicus"
4,2013,"Neptunea antiqua"
4,2013,"Zostera noltii"
4,2013,"Acrochaete repens"
4,2013,"Acrochaete viridis"
4,2013,"Acrochaetium hallandicum"
4,2013,"Acrochaetium secundatum"
4,2013,"Aglaothamnion hookeri"
4,2013,"Ahnfeltia plicata"
4,2013,"Antithamnion cruciatum"
4,2013,"Asperococcus fistulosus"
4,2013,"Blastophysa rhizopus"
4,2013,"Blidingia minima"
4,2013,"Bolbocoleon piliferum"
4,2013,"Bonnemaisonia hamifera"
4,2013,"Brongniartella byssoides"
4,2013,"Bryopsis hypnoides"
4,2013,"Bryopsis plumosa"
4,2013,"Callithamnion corymbosum"
4,2013,"Callophyllis cristata"
4,2013,"Ceramium diaphanum"
4,2013,"Ceramium siliquosum"
4,2013,"Chaetomorpha melagonium"
4,2013,"Chara aspera"
4,2013,"Chara baltica"
4,2013,"Chara canescens"
4,2013,"Chondrus crispus"
4,2013,"Chordaria flagelliformis"
4,2013,"Cladophora glomerata"
4,2013,"Cladophora pygmaea"
4,2013,"Cladophora rupestris"
4,2013,"Cladophora sericea"
4,2013,"Colaconema daviesii"
4,2013,"Colaconema nemalionis"
4,2013,"Colaconema strictum"
4,2013,"Corallina officinalis"
4,2013,"Cruoria pellita"
4,2013,"Dasya baillouviana"
4,2013,"Derbesia marina"
4,2013,"Dictyosiphon chordaria"
4,2013,"Dilsea carnosa"
4,2013,"Epicladia flustrae"
4,2013,"Epicladia phillipsii"
4,2013,"Erythrotrichia carnea"
4,2013,"Eugomontia sacculata"
4,2013,"Fucus spiralis"
4,2013,"Gracilaria vermiculophylla"
4,2013,"Haemescharia hennedyi"
4,2013,"Halidrys siliquosa"
4,2013,"Halosiphon tomentosus"
4,2013,"Hildenbrandia crouanii"
4,2013,"Laminaria digitata"
4,2013,"Lamprothamnium papulosum"
4,2013,"Leptonematella fasciculata"
4,2013,"Lithothamnion glaciale"
4,2013,"Litosiphon laminariae"
4,2013,"Meiodiscus spetsbergensis"
4,2013,"Membranoptera alata"
4,2013,"Mesogloia vermiculata"
4,2013,"Monostroma grevillei"
4,2013,"Nemalion elminthoides"
4,2013,"Odonthalia dentata"
4,2013,"Ostreobium quekettii"
4,2013,"Palmaria palmata"
4,2013,"Petalonia fascia"
4,2013,"Petalonia zosterifolia"
4,2013,"Plagiospora gracilis"
4,2013,"Polysiphonia nigra"
4,2013,"Polysiphonia stricta"
4,2013,"Porphyra purpurea"
4,2013,"Porphyra umbilicalis"
4,2013,"Porphyropsis coccinea"
4,2013,"Pseudolithoderma extensum"
4,2013,"Pseudolithoderma subextensum"
4,2013,"Pterothamnion plumula"
4,2013,"Ralfsia verrucosa"
4,2013,"Rhodophysema elegans"
4,2013,"Scytosiphon lomentaria"
4,2013,"Spermatochnus paradoxus"
4,2013,"Spermothamnion repens"
4,2013,"Sphacelaria caespitula"
4,2013,"Sphacelaria cirrosa"
4,2013,"Sphacelaria plumigera"
4,2013,"Sphacelaria plumosa"
4,2013,"Sphacelaria radicans"
4,2013,"Sphacelaria rigidula"
4,2013,"Sphaerotrichia divaricata"
4,2013,"Spongomorpha aeruginosa"
4,2013,"Spongonema tomentosum"
4,2013,"Stictyosiphon soriferus"
4,2013,"Stictyosiphon tortilis"
4,2013,"Striaria attenuata"
4,2013,"Tolypella nidifica"
4,2013,"Ulva lactuca"
4,2013,"Uronema curvatum"
4,2013,"Urospora penicilliformis"
4,2013,"Alkmaria romijni"
4,2013,"Astarte montagui"
4,2013,"Clava multicornis"
4,2013,"Corophium multisetosum"
4,2013,"Crisilla semistriata"
4,2013,"Ericthonius difformis"
4,2013,"Euchone papillosa"
4,2013,"Eudorella emarginata"
4,2013,"Eulalia bilineata"
4,2013,"Fabricia stellaris"
4,2013,"Gammarus oceanicus"
4,2013,"Gattyana cirrhosa"
4,2013,"Glycera rouxi"
4,2013,"Haploops tubicola"
4,2013,"Harpinia serrata"
4,2013,"Hyperia galba"
4,2013,"Kefersteinia cirrata"
4,2013,"Laonome kroeyeri"
4,2013,"Limapontia capitata"
4,2013,"Limapontia depressa"
4,2013,"Lumbrineris fragilis"
4,2013,"Microdeutopus anomalus"
4,2013,"Neomysis integer"
4,2013,"Owenia fusiformis"
4,2013,"Paranais litoralis"
4,2013,"Petricolaria pholadiformis"
4,2013,"Pholoe minuta"
4,2013,"Photis reinhardi"
4,2013,"Phoxocephalus holbolli"
4,2013,"Prionospio cirrifera"
4,2013,"Prionospio malmgreni"
4,2013,"Rissoa sarsii"
4,2013,"Styela coriacea"
4,2013,"Syllidia armata"
4,2013,"Tellina fabula"
4,2013,"Fucus vesiculosus"
4,2013,"Myriophyllum spicatum"
4,2013,"Chironomidae"
5,2013,"Alisma plantago-aquatica"
5,2013,"Halcampa chrysanthellum"
5,2013,"Zostera marina"
5,2013,"Akera bullata"
5,2013,"Ampelisca macrocephala"
5,2013,"Ampharete acutifrons"
5,2013,"Ampharete falcata"
5,2013,"Amphictene auricoma"
5,2013,"Anoplodactylus petiolatus"
5,2013,"Astarte borealis"
5,2013,"Astarte elliptica"
5,2013,"Astarte montagui"
5,2013,"Autonoe longipes"
5,2013,"Buccinum undatum"
5,2013,"Cossura longocirrata"
5,2013,"Crangon allmanni"
5,2013,"Dyopedos porrectus"
5,2013,"Edwardsia danica"
5,2013,"Gastrosaccus spinifer"
5,2013,"Glyphohesione klatti"
5,2013,"Halcampa duodecimcirrata"
5,2013,"Laonome kroeyeri"
5,2013,"Lumbrineris gracilis"
5,2013,"Macropipus tuberculatus"
5,2013,"Maera loveni"
5,2013,"Monoculodes carinatus"
5,2013,"Mya truncata"
5,2013,"Nephrops norvegicus"
5,2013,"Nephtys pente"
5,2013,"Neptunea antiqua"
5,2013,"Nicolea zostericola"
5,2013,"Nuculana minuta"
5,2013,"Nuculana pernula"
5,2013,"Ophelia limacina"
5,2013,"Pagurus bernhardus"
5,2013,"Paranais litoralis"
5,2013,"Paraonis fulgens"
5,2013,"Pariambus typicus"
5,2013,"Pholoe assimilis"
5,2013,"Pholoe minuta"
5,2013,"Phoxocephalus holbolli"
5,2013,"Pleurogonium spinosissimum"
5,2013,"Prionospio cirrifera"
5,2013,"Tellina tenuis"
5,2013,"Eteone barbata"
5,2013,"Bonnemaisonia hamifera"
5,2013,"Brongniartella byssoides"
5,2013,"Bryopsis plumosa"
5,2013,"Callithamnion corymbosum"
5,2013,"Ceramium diaphanum"
5,2013,"Chaetomorpha melagonium"
5,2013,"Chondrus crispus"
5,2013,"Chordaria flagelliformis"
5,2013,"Cladophora glomerata"
5,2013,"Cladophora rupestris"
5,2013,"Cladophora sericea"
5,2013,"Halidrys siliquosa"
5,2013,"Halosiphon tomentosus"
5,2013,"Laminaria digitata"
5,2013,"Melobesia membranacea"
5,2013,"Membranoptera alata"
5,2013,"Petalonia fascia"
5,2013,"Polysiphonia stricta"
5,2013,"Scytosiphon lomentaria"
5,2013,"Spermothamnion repens"
5,2013,"Sphacelaria cirrosa"
5,2013,"Sphaerotrichia divaricata"
5,2013,"Spongonema tomentosum"
5,2013,"Tolypella nidifica"
5,2013,"Asterias rubens"
5,2013,"Bathyporeia sarsi"
5,2013,"Bittium reticulatum"
5,2013,"Parvicardium pinnulatum"
5,2013,"Diastylis bradyi"
5,2013,"Edwardsia longicornis"
5,2013,"Fabriciola baltica"
5,2013,"Glycera rouxi"
5,2013,"Halicryptus spinulosus"
5,2013,"Harmothoe imbricata"
5,2013,"Laonice cirrata"
5,2013,"Mediomastus fragilis"
5,2013,"Modiolus modiolus"
5,2013,"Photis longicaudata"
5,2013,"Pontoporeia femorata"
5,2013,"Rissoa membranacea"
5,2013,"Scrobicularia plana"
5,2013,"Vitreolina philippi"
5,2013,"Fucus serratus"
5,2013,"Electra pilosa"
5,2013,"Membranipora membranacea"
5,2013,"Ahnfeltia plicata"
5,2013,"Ceramium tenuicorne"
5,2013,"Ceramium virgatum"
5,2013,"Delesseria sanguinea"
5,2013,"Elachista fucicola"
5,2013,"Furcellaria lumbricalis"
5,2013,"Hildenbrandia rubra"
5,2013,"Phycodrys rubens"
5,2013,"Polysiphonia fibrillosa"
5,2013,"Polysiphonia fucoides"
5,2013,"Rhodomela confervoides"
6,2013,"Alisma plantago-aquatica"
6,2013,"Halcampa chrysanthellum"
6,2013,"Zostera marina"
6,2013,"Akera bullata"
6,2013,"Ampelisca macrocephala"
6,2013,"Ampharete acutifrons"
6,2013,"Ampharete falcata"
6,2013,"Amphictene auricoma"
6,2013,"Anoplodactylus petiolatus"
6,2013,"Astarte borealis"
6,2013,"Astarte elliptica"
6,2013,"Astarte montagui"
6,2013,"Autonoe longipes"
6,2013,"Buccinum undatum"
6,2013,"Cossura longocirrata"
6,2013,"Crangon allmanni"
6,2013,"Dyopedos porrectus"
6,2013,"Edwardsia danica"
6,2013,"Gastrosaccus spinifer"
6,2013,"Glyphohesione klatti"
6,2013,"Halcampa duodecimcirrata"
6,2013,"Laonome kroeyeri"
6,2013,"Lumbrineris gracilis"
6,2013,"Macropipus tuberculatus"
6,2013,"Maera loveni"
6,2013,"Monoculodes carinatus"
6,2013,"Mya truncata"
6,2013,"Nephrops norvegicus"
6,2013,"Nephtys pente"
6,2013,"Neptunea antiqua"
6,2013,"Nicolea zostericola"
6,2013,"Nuculana minuta"
6,2013,"Nuculana pernula"
6,2013,"Ophelia limacina"
6,2013,"Pagurus bernhardus"
6,2013,"Paranais litoralis"
6,2013,"Paraonis fulgens"
6,2013,"Pariambus typicus"
6,2013,"Pholoe assimilis"
6,2013,"Pholoe minuta"
6,2013,"Phoxocephalus holbolli"
6,2013,"Pleurogonium spinosissimum"
6,2013,"Prionospio cirrifera"
6,2013,"Tellina tenuis"
6,2013,"Eteone barbata"
6,2013,"Bonnemaisonia hamifera"
6,2013,"Brongniartella byssoides"
6,2013,"Bryopsis plumosa"
6,2013,"Callithamnion corymbosum"
6,2013,"Ceramium diaphanum"
6,2013,"Chaetomorpha melagonium"
6,2013,"Chondrus crispus"
6,2013,"Chordaria flagelliformis"
6,2013,"Cladophora glomerata"
6,2013,"Cladophora rupestris"
6,2013,"Cladophora sericea"
6,2013,"Halidrys siliquosa"
6,2013,"Halosiphon tomentosus"
6,2013,"Laminaria digitata"
6,2013,"Melobesia membranacea"
6,2013,"Membranoptera alata"
6,2013,"Petalonia fascia"
6,2013,"Polysiphonia stricta"
6,2013,"Scytosiphon lomentaria"
6,2013,"Spermothamnion repens"
6,2013,"Sphacelaria cirrosa"
6,2013,"Sphaerotrichia divaricata"
6,2013,"Spongonema tomentosum"
6,2013,"Tolypella nidifica"
6,2013,"Asterias rubens"
6,2013,"Bathyporeia sarsi"
6,2013,"Bittium reticulatum"
6,2013,"Parvicardium pinnulatum"
6,2013,"Diastylis bradyi"
6,2013,"Edwardsia longicornis"
6,2013,"Fabriciola baltica"
6,2013,"Glycera rouxi"
6,2013,"Halicryptus spinulosus"
6,2013,"Harmothoe imbricata"
6,2013,"Laonice cirrata"
6,2013,"Mediomastus fragilis"
6,2013,"Modiolus modiolus"
6,2013,"Photis longicaudata"
6,2013,"Pontoporeia femorata"
6,2013,"Rissoa membranacea"
6,2013,"Scrobicularia plana"
6,2013,"Vitreolina philippi"
6,2013,"Fucus serratus"
6,2013,"Electra pilosa"
6,2013,"Membranipora membranacea"
6,2013,"Ahnfeltia plicata"
6,2013,"Ceramium tenuicorne"
6,2013,"Ceramium virgatum"
6,2013,"Delesseria sanguinea"
6,2013,"Elachista fucicola"
6,2013,"Furcellaria lumbricalis"
6,2013,"Hildenbrandia rubra"
6,2013,"Phycodrys rubens"
6,2013,"Polysiphonia fibrillosa"
6,2013,"Polysiphonia fucoides"
6,2013,"Rhodomela confervoides"
7,2013,"Ampharete finmarchica"
7,2013,"Amphitrite cirrata"
7,2013,"Astarte sulcata"
7,2013,"Balanus improvisus"
7,2013,"Bathyporeia pelagica"
7,2013,"Bathyporeia pilosa"
7,2013,"Corophium volutator"
7,2013,"Eteone flava"
7,2013,"Hydrobia ulvae"
7,2013,"Laonome kroeyeri"
7,2013,"Nephrops norvegicus"
7,2013,"Nephtys longosetosa"
7,2013,"Notomastus latericeus"
7,2013,"Ophelia limacina"
7,2013,"Pholoe inornata"
7,2013,"Pholoe minuta"
7,2013,"Polycirrus medusa"
7,2013,"Spio filicornis"
7,2013,"Syllides longocirratus"
7,2013,"Thracia phaseolina"
8,2013,"Ampharete finmarchica"
8,2013,"Amphitrite cirrata"
8,2013,"Astarte sulcata"
8,2013,"Balanus improvisus"
8,2013,"Bathyporeia pelagica"
8,2013,"Bathyporeia pilosa"
8,2013,"Corophium volutator"
8,2013,"Eteone flava"
8,2013,"Hydrobia ulvae"
8,2013,"Laonome kroeyeri"
8,2013,"Nephrops norvegicus"
8,2013,"Nephtys longosetosa"
8,2013,"Notomastus latericeus"
8,2013,"Ophelia limacina"
8,2013,"Pholoe inornata"
8,2013,"Pholoe minuta"
8,2013,"Polycirrus medusa"
8,2013,"Spio filicornis"
8,2013,"Syllides longocirratus"
8,2013,"Thracia phaseolina"
9,2013,"Aglaothamnion tenuissimum"
9,2013,"Ampharete finmarchica"
9,2013,"Callithamnion corymbosum"
9,2013,"Chaetomorpha melagonium"
9,2013,"Chara horrida"
9,2013,"Gayralia oxysperma"
9,2013,"Lacuna vincta"
9,2013,"Melicertum octocostatum"
9,2013,"Rissoa parva"
9,2013,"Tubificoides amplivasatus"
9,2013,"Nephrops norvegicus"
9,2013,"Pholoe minuta"
9,2013,"Cladophora rupestris"
10,2013,"Aglaothamnion tenuissimum"
10,2013,"Ampharete finmarchica"
10,2013,"Callithamnion corymbosum"
10,2013,"Chaetomorpha melagonium"
10,2013,"Chara horrida"
10,2013,"Gayralia oxysperma"
10,2013,"Lacuna vincta"
10,2013,"Melicertum octocostatum"
10,2013,"Rissoa parva"
10,2013,"Tubificoides amplivasatus"
10,2013,"Nephrops norvegicus"
10,2013,"Pholoe minuta"
10,2013,"Cladophora rupestris"
11,2013,"Chara horrida"
11,2013,"Cladophora sericea"
11,2013,"Spermothamnion repens"
11,2013,"Tenellia adspersa"
11,2013,"Typha latifolia"
11,2013,"Ulva intestinalis"
11,2013,"Cancer pagurus"
11,2013,"Nephrops norvegicus"
11,2013,"Ophelia limacina"
11,2013,"Zostera noltii"
11,2013,"Bonnemaisonia hamifera"
11,2013,"Callithamnion corymbosum"
11,2013,"Ceramium diaphanum"
11,2013,"Chaetomorpha melagonium"
11,2013,"Halosiphon tomentosus"
11,2013,"Membranoptera alata"
11,2013,"Monostroma grevillei"
11,2013,"Scytosiphon lomentaria"
11,2013,"Ulva lactuca"
11,2013,"Halcampa duodecimcirrata"
11,2013,"Macoma calcarea"
11,2013,"Procerodes ulvae"
11,2013,"Fucus serratus"
11,2013,"Pholoe baltica"
11,2013,"Dytiscidae"
11,2013,"Leptoceridae"
12,2013,"Chara horrida"
12,2013,"Cladophora sericea"
12,2013,"Spermothamnion repens"
12,2013,"Tenellia adspersa"
12,2013,"Typha latifolia"
12,2013,"Ulva intestinalis"
12,2013,"Cancer pagurus"
12,2013,"Nephrops norvegicus"
12,2013,"Ophelia limacina"
12,2013,"Zostera noltii"
12,2013,"Bonnemaisonia hamifera"
12,2013,"Callithamnion corymbosum"
12,2013,"Ceramium diaphanum"
12,2013,"Chaetomorpha melagonium"
12,2013,"Halosiphon tomentosus"
12,2013,"Membranoptera alata"
12,2013,"Monostroma grevillei"
12,2013,"Scytosiphon lomentaria"
12,2013,"Ulva lactuca"
12,2013,"Halcampa duodecimcirrata"
12,2013,"Macoma calcarea"
12,2013,"Procerodes ulvae"
12,2013,"Fucus serratus"
12,2013,"Pholoe baltica"
12,2013,"Dytiscidae"
12,2013,"Leptoceridae"
13,2013,"Chara horrida"
13,2013,"Cladophora sericea"
13,2013,"Spermothamnion repens"
13,2013,"Tenellia adspersa"
13,2013,"Typha latifolia"
13,2013,"Ulva intestinalis"
13,2013,"Cancer pagurus"
13,2013,"Nephrops norvegicus"
13,2013,"Ophelia limacina"
13,2013,"Zostera noltii"
13,2013,"Bonnemaisonia hamifera"
13,2013,"Callithamnion corymbosum"
13,2013,"Ceramium diaphanum"
13,2013,"Chaetomorpha melagonium"
13,2013,"Halosiphon tomentosus"
13,2013,"Membranoptera alata"
13,2013,"Monostroma grevillei"
13,2013,"Scytosiphon lomentaria"
13,2013,"Ulva lactuca"
13,2013,"Halcampa duodecimcirrata"
13,2013,"Macoma calcarea"
13,2013,"Procerodes ulvae"
13,2013,"Fucus serratus"
13,2013,"Pholoe baltica"
13,2013,"Dytiscidae"
13,2013,"Leptoceridae"
14,2013,"Lamprothamnium papulosum"
14,2013,"Cancer pagurus"
14,2013,"Macoma calcarea"
14,2013,"Nephrops norvegicus"
14,2013,"Halosiphon tomentosus"
14,2013,"Monostroma grevillei"
14,2013,"Chara horrida"
14,2013,"Membranipora membranacea"
14,2013,"Hildenbrandia rubra"
14,2013,"Ruppia cirrhosa"
14,2013,"Ruppia maritima"
14,2013,"Sphacelaria arctica"
14,2013,"Nais barbata"
15,2013,"Lamprothamnium papulosum"
15,2013,"Cancer pagurus"
15,2013,"Macoma calcarea"
15,2013,"Nephrops norvegicus"
15,2013,"Halosiphon tomentosus"
15,2013,"Monostroma grevillei"
15,2013,"Chara horrida"
15,2013,"Membranipora membranacea"
15,2013,"Hildenbrandia rubra"
15,2013,"Ruppia cirrhosa"
15,2013,"Ruppia maritima"
15,2013,"Sphacelaria arctica"
15,2013,"Nais barbata"
16,2013,"Lamprothamnium papulosum"
16,2013,"Cancer pagurus"
16,2013,"Macoma calcarea"
16,2013,"Nephrops norvegicus"
16,2013,"Halosiphon tomentosus"
16,2013,"Monostroma grevillei"
16,2013,"Chara horrida"
16,2013,"Membranipora membranacea"
16,2013,"Hildenbrandia rubra"
16,2013,"Ruppia cirrhosa"
16,2013,"Ruppia maritima"
16,2013,"Sphacelaria arctica"
16,2013,"Nais barbata"
17,2013,"Lamprothamnium papulosum"
17,2013,"Cancer pagurus"
17,2013,"Macoma calcarea"
17,2013,"Nephrops norvegicus"
17,2013,"Halosiphon tomentosus"
17,2013,"Monostroma grevillei"
17,2013,"Chara horrida"
17,2013,"Membranipora membranacea"
17,2013,"Hildenbrandia rubra"
17,2013,"Ruppia cirrhosa"
17,2013,"Ruppia maritima"
17,2013,"Sphacelaria arctica"
17,2013,"Nais barbata"
18,2013,"Nephrops norvegicus"
19,2013,"Nephrops norvegicus"
20,2013,"Phocoena phocoena (Baltic Sea Sub-population)"
20,2013,"Cancer pagurus"
20,2013,"Mysis relicta"
20,2013,"Nephrops norvegicus"
20,2013,"Cyanophthalma obscura"
20,2013,"Gammarus locusta"
20,2013,"Gammarus oceanicus"
20,2013,"Gammarus zaddachi"
20,2013,"Idotea balthica"
20,2013,"Idotea chelipes"
20,2013,"Mysis mixta"
20,2013,"Piscicola geometra"
20,2013,"Calliopius laeviusculus"
20,2013,"Dendrocoelum lacteum"
20,2013,"Idotea granulosa"
20,2013,"Palaemon adspersus"
20,2013,"Radix balthica"
20,2013,"Ectocarpus siliculosus"
20,2013,"Phyllophora pseudoceranoides"
20,2013,"Pylaiella littoralis"
20,2013,"Sphacelaria arctica"
20,2013,"Spongonema tomentosum"
21,2013,"Phocoena phocoena (Baltic Sea Sub-population)"
21,2013,"Cancer pagurus"
21,2013,"Mysis relicta"
21,2013,"Nephrops norvegicus"
21,2013,"Cyanophthalma obscura"
21,2013,"Gammarus locusta"
21,2013,"Gammarus oceanicus"
21,2013,"Gammarus zaddachi"
21,2013,"Idotea balthica"
21,2013,"Idotea chelipes"
21,2013,"Mysis mixta"
21,2013,"Piscicola geometra"
21,2013,"Calliopius laeviusculus"
21,2013,"Dendrocoelum lacteum"
21,2013,"Idotea granulosa"
21,2013,"Palaemon adspersus"
21,2013,"Radix balthica"
21,2013,"Ectocarpus siliculosus"
21,2013,"Phyllophora pseudoceranoides"
21,2013,"Pylaiella littoralis"
21,2013,"Sphacelaria arctica"
21,2013,"Spongonema tomentosum"
22,2013,"Phocoena phocoena (Baltic Sea Sub-population)"
22,2013,"Cancer pagurus"
22,2013,"Mysis relicta"
22,2013,"Nephrops norvegicus"
22,2013,"Cyanophthalma obscura"
22,2013,"Gammarus locusta"
22,2013,"Gammarus oceanicus"
22,2013,"Gammarus zaddachi"
22,2013,"Idotea balthica"
22,2013,"Idotea chelipes"
22,2013,"Mysis mixta"
22,2013,"Piscicola geometra"
22,2013,"Calliopius laeviusculus"
22,2013,"Dendrocoelum lacteum"
22,2013,"Idotea granulosa"
22,2013,"Palaemon adspersus"
22,2013,"Radix balthica"
22,2013,"Ectocarpus siliculosus"
22,2013,"Phyllophora pseudoceranoides"
22,2013,"Pylaiella littoralis"
22,2013,"Sphacelaria arctica"
22,2013,"Spongonema tomentosum"
23,2013,"Phocoena phocoena (Baltic Sea Sub-population)"
23,2013,"Cancer pagurus"
23,2013,"Mysis relicta"
23,2013,"Nephrops norvegicus"
23,2013,"Cyanophthalma obscura"
23,2013,"Gammarus locusta"
23,2013,"Gammarus oceanicus"
23,2013,"Gammarus zaddachi"
23,2013,"Idotea balthica"
23,2013,"Idotea chelipes"
23,2013,"Mysis mixta"
23,2013,"Piscicola geometra"
23,2013,"Calliopius laeviusculus"
23,2013,"Dendrocoelum lacteum"
23,2013,"Idotea granulosa"
23,2013,"Palaemon adspersus"
23,2013,"Radix balthica"
23,2013,"Ectocarpus siliculosus"
23,2013,"Phyllophora pseudoceranoides"
23,2013,"Pylaiella littoralis"
23,2013,"Sphacelaria arctica"
23,2013,"Spongonema tomentosum"
24,2013,"Phocoena phocoena (Baltic Sea Sub-population)"
24,2013,"Cancer pagurus"
24,2013,"Mysis relicta"
24,2013,"Nephrops norvegicus"
24,2013,"Cyanophthalma obscura"
24,2013,"Gammarus locusta"
24,2013,"Gammarus oceanicus"
24,2013,"Gammarus zaddachi"
24,2013,"Idotea balthica"
24,2013,"Idotea chelipes"
24,2013,"Mysis mixta"
24,2013,"Piscicola geometra"
24,2013,"Calliopius laeviusculus"
24,2013,"Dendrocoelum lacteum"
24,2013,"Idotea granulosa"
24,2013,"Palaemon adspersus"
24,2013,"Radix balthica"
24,2013,"Ectocarpus siliculosus"
24,2013,"Phyllophora pseudoceranoides"
24,2013,"Pylaiella littoralis"
24,2013,"Sphacelaria arctica"
24,2013,"Spongonema tomentosum"
25,2013,"Phocoena phocoena (Baltic Sea Sub-population)"
25,2013,"Cancer pagurus"
25,2013,"Mysis relicta"
25,2013,"Nephrops norvegicus"
25,2013,"Cyanophthalma obscura"
25,2013,"Gammarus locusta"
25,2013,"Gammarus oceanicus"
25,2013,"Gammarus zaddachi"
25,2013,"Idotea balthica"
25,2013,"Idotea chelipes"
25,2013,"Mysis mixta"
25,2013,"Piscicola geometra"
25,2013,"Calliopius laeviusculus"
25,2013,"Dendrocoelum lacteum"
25,2013,"Idotea granulosa"
25,2013,"Palaemon adspersus"
25,2013,"Radix balthica"
25,2013,"Ectocarpus siliculosus"
25,2013,"Phyllophora pseudoceranoides"
25,2013,"Pylaiella littoralis"
25,2013,"Sphacelaria arctica"
25,2013,"Spongonema tomentosum"
26,2013,"Callitriche cophocarpa"
26,2013,"Balanus improvisus"
26,2013,"Macoma balthica"
26,2013,"Nephrops norvegicus"
26,2013,"Fucus serratus"
26,2013,"Bithynia tentaculata"
26,2013,"Calliopius laeviusculus"
26,2013,"Crangon crangon"
26,2013,"Gammarus locusta"
26,2013,"Gammarus salinus"
26,2013,"Gammarus zaddachi"
26,2013,"Idotea balthica"
26,2013,"Idotea chelipes"
26,2013,"Idotea granulosa"
26,2013,"Mysis mixta"
26,2013,"Neomysis integer"
26,2013,"Palaemon adspersus"
26,2013,"Pallasea quadrispinosa"
26,2013,"Piscicola geometra"
26,2013,"Praunus inermis"
26,2013,"Radix balthica"
26,2013,"Radix labiata"
26,2013,"Terebellides stroemi"
26,2013,"Ceratophyllum demersum"
26,2013,"Coccotylus truncatus"
26,2013,"Hildenbrandia rubra"
26,2013,"Myriophyllum spicatum"
26,2013,"Phyllophora pseudoceranoides"
26,2013,"Polysiphonia fucoides"
26,2013,"Potamogeton pectinatus"
26,2013,"Rhodochorton purpureum"
26,2013,"Sphacelaria arctica"
26,2013,"Sphacelaria radicans"
26,2013,"Ulva intestinalis"
26,2013,"Hydrobia ulvae"
26,2013,"Dendrocoelum lacteum"
27,2013,"Phocoena phocoena (Baltic Sea Sub-population)"
27,2013,"Balanus improvisus"
27,2013,"Cerastoderma edule"
27,2013,"Hydrobia ulvae"
27,2013,"Manayunkia aestuarina"
27,2013,"Marenzelleria viridis"
27,2013,"Mytilus edulis"
27,2013,"Nephrops norvegicus"
27,2013,"Pygospio elegans"
27,2013,"Erpobdella octoculata"
27,2013,"Gammarus locusta"
27,2013,"Gammarus oceanicus"
27,2013,"Gonothyraea loveni"
27,2013,"Helobdella stagnalis"
27,2013,"Idotea granulosa"
27,2013,"Mysis mixta"
27,2013,"Mysis relicta"
27,2013,"Palaemon adspersus"
27,2013,"Physa fontinalis"
27,2013,"Praunus flexuosus"
27,2013,"Praunus inermis"
27,2013,"Valvata piscinalis"
28,2013,"Phocoena phocoena (Baltic Sea Sub-population)"
28,2013,"Balanus improvisus"
28,2013,"Cerastoderma edule"
28,2013,"Hydrobia ulvae"
28,2013,"Manayunkia aestuarina"
28,2013,"Marenzelleria viridis"
28,2013,"Mytilus edulis"
28,2013,"Nephrops norvegicus"
28,2013,"Pygospio elegans"
28,2013,"Erpobdella octoculata"
28,2013,"Gammarus locusta"
28,2013,"Gammarus oceanicus"
28,2013,"Gonothyraea loveni"
28,2013,"Helobdella stagnalis"
28,2013,"Idotea granulosa"
28,2013,"Mysis mixta"
28,2013,"Mysis relicta"
28,2013,"Palaemon adspersus"
28,2013,"Physa fontinalis"
28,2013,"Praunus flexuosus"
28,2013,"Praunus inermis"
28,2013,"Valvata piscinalis"
29,2013,"Mysis relicta"
29,2013,"Sparganium natans"
29,2013,"Balanus improvisus"
29,2013,"Hydrobia ulvae"
29,2013,"Marenzelleria viridis"
29,2013,"Nephrops norvegicus"
29,2013,"Anas crecca"
29,2013,"Gonothyraea loveni"
29,2013,"Terebellides stroemi"
29,2013,"Chara horrida"
29,2013,"Chara tomentosa"
29,2013,"Heterochaeta costata"
29,2013,"Palaemon adspersus"
29,2013,"Parvicardium hauniense"
29,2013,"Radix labiata"
29,2013,"Callitriche hermaphroditica"
29,2013,"Dictyosiphon chordaria"
29,2013,"Gobius niger"
29,2007,"Gobius niger"
29,2013,"Phyllophora pseudoceranoides"
29,2013,"Pomatoschistus minutus"
29,2007,"Pomatoschistus minutus"
29,2013,"Potamogeton filiformis"
29,2013,"Potamogeton pectinatus"
29,2013,"Pylaiella littoralis"
29,2013,"Ranunculus circinatus"
29,2013,"Scytosiphon lomentaria"
29,2013,"Sphacelaria arctica"
29,2013,"Spongomorpha aeruginosa"
29,2013,"Syngnathus typhle"
29,2007,"Syngnathus typhle"
29,2013,"Ulothrix zonata"
29,2013,"Zoarces viviparus"
29,2007,"Zoarces viviparus"
29,2013,"Callitriche cophocarpa"
29,2013,"Ranunculus trichophyllus"
29,2013,"Sparganium emersum"
29,2013,"Ruppia cirrhosa"
29,2013,"Leptoceridae"
29,2013,"Corixidae"
29,2013,"Gerridae"
30,2013,"Mysis relicta"
30,2013,"Sparganium natans"
30,2013,"Balanus improvisus"
30,2013,"Hydrobia ulvae"
30,2013,"Marenzelleria viridis"
30,2013,"Nephrops norvegicus"
30,2013,"Anas crecca"
30,2013,"Gonothyraea loveni"
30,2013,"Terebellides stroemi"
30,2013,"Chara horrida"
30,2013,"Chara tomentosa"
30,2013,"Heterochaeta costata"
30,2013,"Palaemon adspersus"
30,2013,"Parvicardium hauniense"
30,2013,"Radix labiata"
30,2013,"Callitriche hermaphroditica"
30,2013,"Dictyosiphon chordaria"
30,2013,"Gobius niger"
30,2007,"Gobius niger"
30,2013,"Phyllophora pseudoceranoides"
30,2013,"Pomatoschistus minutus"
30,2007,"Pomatoschistus minutus"
30,2013,"Potamogeton filiformis"
30,2013,"Potamogeton pectinatus"
30,2013,"Pylaiella littoralis"
30,2013,"Ranunculus circinatus"
30,2013,"Scytosiphon lomentaria"
30,2013,"Sphacelaria arctica"
30,2013,"Spongomorpha aeruginosa"
30,2013,"Syngnathus typhle"
30,2007,"Syngnathus typhle"
30,2013,"Ulothrix zonata"
30,2013,"Zoarces viviparus"
30,2007,"Zoarces viviparus"
30,2013,"Callitriche cophocarpa"
30,2013,"Ranunculus trichophyllus"
30,2013,"Sparganium emersum"
30,2013,"Ruppia cirrhosa"
30,2013,"Leptoceridae"
30,2013,"Corixidae"
30,2013,"Gerridae"
31,2013,"Mysis relicta"
31,2013,"Sparganium natans"
31,2013,"Balanus improvisus"
31,2013,"Hydrobia ulvae"
31,2013,"Marenzelleria viridis"
31,2013,"Nephrops norvegicus"
31,2013,"Anas crecca"
31,2013,"Gonothyraea loveni"
31,2013,"Terebellides stroemi"
31,2013,"Chara horrida"
31,2013,"Chara tomentosa"
31,2013,"Heterochaeta costata"
31,2013,"Palaemon adspersus"
31,2013,"Parvicardium hauniense"
31,2013,"Radix labiata"
31,2013,"Callitriche hermaphroditica"
31,2013,"Dictyosiphon chordaria"
31,2013,"Gobius niger"
31,2007,"Gobius niger"
31,2013,"Phyllophora pseudoceranoides"
31,2013,"Pomatoschistus minutus"
31,2007,"Pomatoschistus minutus"
31,2013,"Potamogeton filiformis"
31,2013,"Potamogeton pectinatus"
31,2013,"Pylaiella littoralis"
31,2013,"Ranunculus circinatus"
31,2013,"Scytosiphon lomentaria"
31,2013,"Sphacelaria arctica"
31,2013,"Spongomorpha aeruginosa"
31,2013,"Syngnathus typhle"
31,2007,"Syngnathus typhle"
31,2013,"Ulothrix zonata"
31,2013,"Zoarces viviparus"
31,2007,"Zoarces viviparus"
31,2013,"Callitriche cophocarpa"
31,2013,"Ranunculus trichophyllus"
31,2013,"Sparganium emersum"
31,2013,"Ruppia cirrhosa"
31,2013,"Leptoceridae"
31,2013,"Corixidae"
31,2013,"Gerridae"
32,2013,"Balanus improvisus"
32,2013,"Bathyporeia pilosa"
32,2013,"Mytilus edulis"
32,2013,"Ceratophyllum demersum"
32,2013,"Chara tomentosa"
32,2013,"Eleocharis acicularis"
32,2013,"Eleocharis parvula"
32,2013,"Eudesme virescens"
32,2013,"Lemna trisulca"
32,2013,"Myriophyllum verticillatum"
32,2013,"Nitella flexilis"
32,2013,"Phragmites australis"
32,2013,"Phyllophora pseudoceranoides"
32,2013,"Potamogeton filiformis"
32,2013,"Potamogeton pusillus"
32,2013,"Ranunculus circinatus"
32,2013,"Sphacelaria arctica"
32,2013,"Pontogammarus robustoides"
33,2013,"Balanus improvisus"
33,2013,"Bathyporeia pilosa"
33,2013,"Mytilus edulis"
33,2013,"Ceratophyllum demersum"
33,2013,"Chara tomentosa"
33,2013,"Eleocharis acicularis"
33,2013,"Eleocharis parvula"
33,2013,"Eudesme virescens"
33,2013,"Lemna trisulca"
33,2013,"Myriophyllum verticillatum"
33,2013,"Nitella flexilis"
33,2013,"Phragmites australis"
33,2013,"Phyllophora pseudoceranoides"
33,2013,"Potamogeton filiformis"
33,2013,"Potamogeton pusillus"
33,2013,"Ranunculus circinatus"
33,2013,"Sphacelaria arctica"
33,2013,"Pontogammarus robustoides"
34,2013,"Balanus improvisus"
34,2013,"Bathyporeia pilosa"
34,2013,"Mytilus edulis"
34,2013,"Ceratophyllum demersum"
34,2013,"Chara tomentosa"
34,2013,"Eleocharis acicularis"
34,2013,"Eleocharis parvula"
34,2013,"Eudesme virescens"
34,2013,"Lemna trisulca"
34,2013,"Myriophyllum verticillatum"
34,2013,"Nitella flexilis"
34,2013,"Phragmites australis"
34,2013,"Phyllophora pseudoceranoides"
34,2013,"Potamogeton filiformis"
34,2013,"Potamogeton pusillus"
34,2013,"Ranunculus circinatus"
34,2013,"Sphacelaria arctica"
34,2013,"Pontogammarus robustoides"
35,2013,"Equisetum fluviatile"
35,2013,"Ranunculus trichophyllus"
35,2013,"Zostera marina"
35,2013,"Balanus improvisus"
35,2013,"Marenzelleria viridis"
35,2013,"Mytilus edulis"
35,2013,"Marenzelleria neglecta"
35,2013,"Ceratophyllum demersum"
35,2013,"Dictyosiphon foeniculaceus"
35,2013,"Hildenbrandia rubra"
35,2013,"Myriophyllum spicatum"
35,2013,"Polysiphonia fibrillosa"
35,2013,"Polysiphonia fucoides"
35,2013,"Potamogeton pectinatus"
35,2013,"Potamogeton perfoliatus"
35,2013,"Sphacelaria arctica"
35,2013,"Tolypella nidifica"
35,2013,"Vaucheria"
35,2013,"Zannichellia palustris"
35,2013,"Ectocarpus siliculosus"
35,2013,"Callitriche cophocarpa"
35,2013,"Sparganium natans"
36,2013,"Equisetum fluviatile"
36,2013,"Ranunculus trichophyllus"
36,2013,"Zostera marina"
36,2013,"Balanus improvisus"
36,2013,"Marenzelleria viridis"
36,2013,"Mytilus edulis"
36,2013,"Marenzelleria neglecta"
36,2013,"Ceratophyllum demersum"
36,2013,"Dictyosiphon foeniculaceus"
36,2013,"Hildenbrandia rubra"
36,2013,"Myriophyllum spicatum"
36,2013,"Polysiphonia fibrillosa"
36,2013,"Polysiphonia fucoides"
36,2013,"Potamogeton pectinatus"
36,2013,"Potamogeton perfoliatus"
36,2013,"Sphacelaria arctica"
36,2013,"Tolypella nidifica"
36,2013,"Vaucheria"
36,2013,"Zannichellia palustris"
36,2013,"Ectocarpus siliculosus"
36,2013,"Callitriche cophocarpa"
36,2013,"Sparganium natans"
37,2013,"Alderia modesta"
37,2013,"Elatine triandra"
37,2013,"Limnodrilus udekemianus"
37,2013,"Tubifex tubifex"
37,2013,"Vaucheria dichotoma"
37,2013,"Balanus improvisus"
37,2013,"Marenzelleria viridis"
37,2013,"Ephydatia fluviatilis"
37,2013,"Pallasea quadrispinosa"
37,2013,"Radix labiata"
37,2013,"Aglaothamnion roseum"
37,2013,"Callitriche hermaphroditica"
37,2013,"Chara aspera"
37,2013,"Chara baltica"
37,2013,"Eleocharis acicularis"
37,2013,"Fontinalis antipyretica"
37,2013,"Fontinalis dalecarlica"
37,2013,"Isoetes lacustris"
37,2013,"Lemna trisulca"
37,2013,"Monostroma balticum"
37,2013,"Najas marina"
37,2013,"Phragmites australis"
37,2013,"Polysiphonia fucoides"
37,2013,"Potamogeton filiformis"
37,2013,"Potamogeton pectinatus"
37,2013,"Ranunculus circinatus"
37,2013,"Sagittaria sagittifolia"
37,2013,"Sphacelaria arctica"
37,2013,"Subularia aquatica"
37,2013,"Ulva intestinalis"
37,2013,"Vaucheria"
37,2013,"Glyceria maxima"
37,2013,"Ranunculus trichophyllus"
37,2013,"Physa fontinalis"
37,2013,"Hydroptilidae"
37,2013,"Lepidostomatidae"
38,2013,"Alderia modesta"
38,2013,"Elatine triandra"
38,2013,"Limnodrilus udekemianus"
38,2013,"Tubifex tubifex"
38,2013,"Vaucheria dichotoma"
38,2013,"Balanus improvisus"
38,2013,"Marenzelleria viridis"
38,2013,"Ephydatia fluviatilis"
38,2013,"Pallasea quadrispinosa"
38,2013,"Radix labiata"
38,2013,"Aglaothamnion roseum"
38,2013,"Callitriche hermaphroditica"
38,2013,"Chara aspera"
38,2013,"Chara baltica"
38,2013,"Eleocharis acicularis"
38,2013,"Fontinalis antipyretica"
38,2013,"Fontinalis dalecarlica"
38,2013,"Isoetes lacustris"
38,2013,"Lemna trisulca"
38,2013,"Monostroma balticum"
38,2013,"Najas marina"
38,2013,"Phragmites australis"
38,2013,"Polysiphonia fucoides"
38,2013,"Potamogeton filiformis"
38,2013,"Potamogeton pectinatus"
38,2013,"Ranunculus circinatus"
38,2013,"Sagittaria sagittifolia"
38,2013,"Sphacelaria arctica"
38,2013,"Subularia aquatica"
38,2013,"Ulva intestinalis"
38,2013,"Vaucheria"
38,2013,"Glyceria maxima"
38,2013,"Ranunculus trichophyllus"
38,2013,"Physa fontinalis"
38,2013,"Hydroptilidae"
38,2013,"Lepidostomatidae"
39,2013,"Vaucheria dichotoma"
39,2013,"Balanus improvisus"
39,2013,"Marenzelleria viridis"
39,2013,"Pygospio elegans"
39,2013,"Bylgides sarsi"
39,2013,"Mytilus edulis"
39,2013,"Radix labiata"
39,2013,"Aegagropila linnaei"
39,2013,"Callitriche hermaphroditica"
39,2013,"Ceramium tenuicorne"
39,2013,"Chara aspera"
39,2013,"Cladophora glomerata"
39,2013,"Cladophora rupestris"
39,2013,"Fucus radicans"
39,2013,"Hildenbrandia rubra"
39,2013,"Myriophyllum sibiricum"
39,2013,"Myriophyllum spicatum"
39,2013,"Potamogeton filiformis"
39,2013,"Potamogeton pectinatus"
39,2013,"Potamogeton perfoliatus"
39,2013,"Pylaiella littoralis"
39,2013,"Ranunculus peltatus"
39,2013,"Rhodochorton purpureum"
39,2013,"Sphacelaria arctica"
39,2013,"Tolypella nidifica"
39,2013,"Vaucheria"
39,2013,"Zannichellia palustris"
40,2013,"Vaucheria dichotoma"
40,2013,"Balanus improvisus"
40,2013,"Marenzelleria viridis"
40,2013,"Pygospio elegans"
40,2013,"Bylgides sarsi"
40,2013,"Mytilus edulis"
40,2013,"Radix labiata"
40,2013,"Aegagropila linnaei"
40,2013,"Callitriche hermaphroditica"
40,2013,"Ceramium tenuicorne"
40,2013,"Chara aspera"
40,2013,"Cladophora glomerata"
40,2013,"Cladophora rupestris"
40,2013,"Fucus radicans"
40,2013,"Hildenbrandia rubra"
40,2013,"Myriophyllum sibiricum"
40,2013,"Myriophyllum spicatum"
40,2013,"Potamogeton filiformis"
40,2013,"Potamogeton pectinatus"
40,2013,"Potamogeton perfoliatus"
40,2013,"Pylaiella littoralis"
40,2013,"Ranunculus peltatus"
40,2013,"Rhodochorton purpureum"
40,2013,"Sphacelaria arctica"
40,2013,"Tolypella nidifica"
40,2013,"Vaucheria"
40,2013,"Zannichellia palustris"
41,2013,"Marenzelleria viridis"
41,2013,"Mytilus edulis"
41,2013,"Planorbarius corneus"
41,2013,"Radix labiata"
41,2013,"Aegagropila linnaei"
41,2013,"Callitriche hermaphroditica"
41,2013,"Ceramium tenuicorne"
41,2013,"Ceratophyllum demersum"
41,2013,"Chara aspera"
41,2013,"Chara globularis"
41,2013,"Cladophora glomerata"
41,2013,"Elatine hydropiper"
41,2013,"Eleocharis acicularis"
41,2013,"Myriophyllum alterniflorum"
41,2013,"Myriophyllum sibiricum"
41,2013,"Nuphar lutea"
41,2013,"Phragmites australis"
41,2013,"Potamogeton filiformis"
41,2013,"Potamogeton gramineus"
41,2013,"Potamogeton pectinatus"
41,2013,"Potamogeton perfoliatus"
41,2013,"Potamogeton praelongus"
41,2013,"Potamogeton pusillus"
41,2013,"Sphacelaria arctica"
41,2013,"Subularia aquatica"
41,2013,"Tolypella nidifica"
41,2013,"Vaucheria"
41,2013,"Zannichellia palustris"
41,2013,"Crassula aquatica"
41,2013,"Potamogeton friesii"
42,2013,"Marenzelleria viridis"
42,2013,"Mytilus edulis"
42,2013,"Planorbarius corneus"
42,2013,"Radix labiata"
42,2013,"Aegagropila linnaei"
42,2013,"Callitriche hermaphroditica"
42,2013,"Ceramium tenuicorne"
42,2013,"Ceratophyllum demersum"
42,2013,"Chara aspera"
42,2013,"Chara globularis"
42,2013,"Cladophora glomerata"
42,2013,"Elatine hydropiper"
42,2013,"Eleocharis acicularis"
42,2013,"Myriophyllum alterniflorum"
42,2013,"Myriophyllum sibiricum"
42,2013,"Nuphar lutea"
42,2013,"Phragmites australis"
42,2013,"Potamogeton filiformis"
42,2013,"Potamogeton gramineus"
42,2013,"Potamogeton pectinatus"
42,2013,"Potamogeton perfoliatus"
42,2013,"Potamogeton praelongus"
42,2013,"Potamogeton pusillus"
42,2013,"Sphacelaria arctica"
42,2013,"Subularia aquatica"
42,2013,"Tolypella nidifica"
42,2013,"Vaucheria"
42,2013,"Zannichellia palustris"
42,2013,"Crassula aquatica"
42,2013,"Potamogeton friesii"
